-- phpMyAdmin SQL Dump
-- version 5.2.1
-- https://www.phpmyadmin.net/
--
-- Host: 127.0.0.1
-- Waktu pembuatan: 04 Des 2023 pada 00.57
-- Versi server: 10.4.28-MariaDB
-- Versi PHP: 8.2.4

SET SQL_MODE = "NO_AUTO_VALUE_ON_ZERO";
START TRANSACTION;
SET time_zone = "+00:00";


/*!40101 SET @OLD_CHARACTER_SET_CLIENT=@@CHARACTER_SET_CLIENT */;
/*!40101 SET @OLD_CHARACTER_SET_RESULTS=@@CHARACTER_SET_RESULTS */;
/*!40101 SET @OLD_COLLATION_CONNECTION=@@COLLATION_CONNECTION */;
/*!40101 SET NAMES utf8mb4 */;

--
-- Database: `db_pelaporan_barang`
--

-- --------------------------------------------------------

--
-- Struktur dari tabel `asset`
--

CREATE TABLE `asset` (
  `id` bigint(20) UNSIGNED NOT NULL,
  `nomor` varchar(255) NOT NULL,
  `nama_barang` varchar(255) NOT NULL,
  `merk` varchar(255) DEFAULT NULL,
  `nomor_seri` varchar(255) DEFAULT NULL,
  `kondisi` enum('bagus','sedang','jelek','rusak','perbaikan','tunggu pasang','lebih','cadangan','tidak ditemukan','proses FUPP') NOT NULL,
  `created_at` timestamp NULL DEFAULT NULL,
  `updated_at` timestamp NULL DEFAULT NULL
) ENGINE=InnoDB DEFAULT CHARSET=utf8mb4 COLLATE=utf8mb4_unicode_ci;

--
-- Dumping data untuk tabel `asset`
--

INSERT INTO `asset` (`id`, `nomor`, `nama_barang`, `merk`, `nomor_seri`, `kondisi`, `created_at`, `updated_at`) VALUES
(77, 'BP2301/001-11', 'SERVER HP PROLIANT ML330G61', 'HP', NULL, 'bagus', '2023-12-02 14:52:22', '2023-12-02 14:52:22'),
(78, 'BP2111/045-12', 'PATIENT MONITOR-EG M9 (ERGA)1', NULL, NULL, 'bagus', '2023-12-02 14:52:22', '2023-12-02 14:52:22'),
(79, 'BP2111/046-12', 'SPIROMETRI1', NULL, NULL, 'bagus', '2023-12-02 14:52:22', '2023-12-02 14:52:22'),
(80, 'BP2111/047-15', 'KENZ - ECG 12101', NULL, NULL, 'bagus', '2023-12-02 14:52:22', '2023-12-02 14:52:22'),
(81, 'BP2111/048-15', 'OXFORD - LIFTER ADVANCE 1', NULL, NULL, 'bagus', '2023-12-02 14:52:22', '2023-12-02 14:52:22'),
(82, 'BP2111/049-15', 'MIR SPIROLAB III 1', NULL, NULL, 'bagus', '2023-12-02 14:52:22', '2023-12-02 14:52:22'),
(83, 'YRSB-22211-01', '3- MOTORIZED PATIENT BED PA-6325 1', NULL, NULL, 'bagus', '2023-12-02 14:52:22', '2023-12-02 14:52:22'),
(84, 'YRSB-22211-02', '3- MOTORIZED PATIENT BED PA-6325 2', NULL, NULL, 'bagus', '2023-12-02 14:52:22', '2023-12-02 14:52:22'),
(85, 'YRSB-22211-03', '3- MOTORIZED PATIENT BED PA-6325 3', NULL, NULL, 'bagus', '2023-12-02 14:52:22', '2023-12-02 14:52:22'),
(86, 'YRSB-22211-04', '3- MOTORIZED PATIENT BED PA-6325 4', NULL, NULL, 'bagus', '2023-12-02 14:52:22', '2023-12-02 14:52:22'),
(87, 'YRSB-22211-05', '3- MOTORIZED PATIENT BED PA-6325 5', NULL, NULL, 'bagus', '2023-12-02 14:52:22', '2023-12-02 14:52:22'),
(88, 'YRSB-22211-06', '3- MOTORIZED PATIENT BED PA-93275 1', NULL, NULL, 'bagus', '2023-12-02 14:52:22', '2023-12-02 14:52:22'),
(89, 'YRSB-22211-07', '3- MOTORIZED PATIENT BED PA-93275 2', NULL, NULL, 'bagus', '2023-12-02 14:52:22', '2023-12-02 14:52:22'),
(90, 'YRSB-22211-08', '3- MOTORIZED PATIENT BED PA-93275 3', NULL, NULL, 'bagus', '2023-12-02 14:52:22', '2023-12-02 14:52:22'),
(91, 'YRSB-22211-09', '3- MOTORIZED PATIENT BED PA-93275 4', NULL, NULL, 'bagus', '2023-12-02 14:52:22', '2023-12-02 14:52:22'),
(92, 'YRSB-22211-10', '3- MOTORIZED PATIENT BED PA-93275 5', NULL, NULL, 'bagus', '2023-12-02 14:52:22', '2023-12-02 14:52:22'),
(93, 'YRSB-22211-11', '3- MOTORIZED PATIENT BED PA-93275 6', NULL, NULL, 'bagus', '2023-12-02 14:52:22', '2023-12-02 14:52:22'),
(94, 'YRSB-22211-12', '3- MOTORIZED PATIENT BED PA-93275 7', NULL, NULL, 'bagus', '2023-12-02 14:52:22', '2023-12-02 14:52:22'),
(95, 'YRSB-22211-13', '3- MOTORIZED PATIENT BED PA-93275 8', NULL, NULL, 'bagus', '2023-12-02 14:52:22', '2023-12-02 14:52:22'),
(96, 'YRSB-22211-14', '3- MOTORIZED PATIENT BED PA-93275 9', NULL, NULL, 'bagus', '2023-12-02 14:52:22', '2023-12-02 14:52:22'),
(97, 'YRSB-22211-15', '3- MOTORIZED PATIENT BED PA-93275 10', NULL, NULL, 'bagus', '2023-12-02 14:52:22', '2023-12-02 14:52:22'),
(98, 'YRSB-22211-16', '3- MOTORIZED PATIENT BED PA-93275 11', NULL, NULL, 'bagus', '2023-12-02 14:52:22', '2023-12-02 14:52:22'),
(99, 'YRSB-22211-17', '3- MOTORIZED PATIENT BED PA-93275 12', NULL, NULL, 'bagus', '2023-12-02 14:52:22', '2023-12-02 14:52:22'),
(100, 'YRSB-22211-18', '3- MOTORIZED PATIENT BED PA-93275 13', NULL, NULL, 'bagus', '2023-12-02 14:52:22', '2023-12-02 14:52:22'),
(101, 'YRSB-22212-38', 'AUTOREF WITH KERATOMETER (INCLUDE TABLE ELECTRIC) 1', NULL, NULL, 'bagus', '2023-12-02 14:52:22', '2023-12-02 14:52:22'),
(102, 'RS1.18.19.02 MEI 2019', 'PC SERVER DL 380G8 CORE1', NULL, NULL, 'bagus', '2023-12-02 14:52:22', '2023-12-02 14:52:22'),
(103, 'YRSB-FSM-130619-007', 'PATIENT MONITOR PM 9000 PLUS ELITECH1', NULL, NULL, 'bagus', '2023-12-02 14:52:22', '2023-12-02 14:52:22'),
(104, 'YRSB-FSM-250919-008', 'PATIENT MONITOR PM 9000 PLUS ELITECH2', NULL, NULL, 'bagus', '2023-12-02 14:52:22', '2023-12-02 14:52:22'),
(105, 'YRSB-FSM-010120-001', 'SWINGFOG SN50 THERMAL FOGGING 1', NULL, NULL, 'bagus', '2023-12-02 14:52:22', '2023-12-02 14:52:22'),
(106, 'YRSB-FSM-010120-002', 'SWINGFOG SN50 THERMAL FOGGING 2', NULL, NULL, 'bagus', '2023-12-02 14:52:22', '2023-12-02 14:52:22'),
(107, 'RSB-B-0036-08-2-0', 'AC SHARP 1,5 PK AHA12UCY1', 'Sharp', NULL, 'bagus', '2023-12-02 14:52:22', '2023-12-02 14:52:22'),
(108, 'RSB-E-0037-08-2-0', 'AC SHARP 1,5 PK AHA12UCY2', 'Sharp', NULL, 'bagus', '2023-12-02 14:52:22', '2023-12-02 14:52:22'),
(109, 'RSB-E-0008-09-2-0', 'FAN PANASONIC FV25TGU1', 'Panasonic', NULL, 'bagus', '2023-12-02 14:52:22', '2023-12-02 14:52:22'),
(110, 'RSB-E-0009-09-2-0', 'FAN PANASONIC FV25TGU2', 'Panasonic', NULL, 'bagus', '2023-12-02 14:52:22', '2023-12-02 14:52:22'),
(111, 'RSB-E-0010-09-2-0', 'FAN PANASONIC FV25TGU3', 'Panasonic', NULL, 'bagus', '2023-12-02 14:52:22', '2023-12-02 14:52:22'),
(112, 'RSB-B-0001-08-2-0', 'SN 50 SWINGFOG1', NULL, NULL, 'bagus', '2023-12-02 14:52:22', '2023-12-02 14:52:22'),
(113, 'RSB-B-0002-08-2-0', 'SN 50 SWINGFOG2', NULL, NULL, 'bagus', '2023-12-02 14:52:22', '2023-12-02 14:52:22'),
(114, 'RSB-E-0003-08-2-0', 'TANKI ELEKTRIK CBA BIRU1', NULL, NULL, 'bagus', '2023-12-02 14:52:22', '2023-12-02 14:52:22'),
(115, 'RSB-E-0004-08-2-0', 'TANKI ELEKTRIK CBA BIRU2', NULL, NULL, 'bagus', '2023-12-02 14:52:22', '2023-12-02 14:52:22'),
(116, 'RSB-E-0005-08-2-0', 'TANKI ELEKTRIK CBA BIRU3', NULL, NULL, 'bagus', '2023-12-02 14:52:22', '2023-12-02 14:52:22'),
(117, 'RSB-E-0006-08-2-0', 'TANKI ELEKTRIK CBA BIRU4', NULL, NULL, 'bagus', '2023-12-02 14:52:22', '2023-12-02 14:52:22'),
(118, 'RSB-E-0007-08-2-0', 'TANKI ELEKTRIK CBA BIRU5', NULL, NULL, 'bagus', '2023-12-02 14:52:22', '2023-12-02 14:52:22'),
(119, 'RSB-E-0106-08-2-0', 'HIGH SPEED TI-MAX X 600 L (NSK)   EA 1', NULL, NULL, 'bagus', '2023-12-02 14:52:22', '2023-12-02 14:52:22'),
(120, 'RSB-B-0011-09-2-0', 'ICA UPS SE2100-2000VA 1800W1', NULL, NULL, 'bagus', '2023-12-02 14:52:22', '2023-12-02 14:52:22'),
(121, 'RSB-A-0038-09-2-0', 'PRINTER EPSON L311501', 'Epson', NULL, 'bagus', '2023-12-02 14:52:22', '2023-12-02 14:52:22'),
(122, 'RSB-D-0101-09-2-0', 'LEMARI ETALASE KACA 1', NULL, NULL, 'bagus', '2023-12-02 14:52:22', '2023-12-02 14:52:22'),
(123, 'RSB-B-0040-09-2-0', 'WIFI AKSESPOINT+ROUTER1', NULL, NULL, 'bagus', '2023-12-02 14:52:22', '2023-12-02 14:52:22'),
(124, 'RSB-B-0019-09-2-0', 'FAN PANASONIC FV25TGU4', 'Panasonic', NULL, 'bagus', '2023-12-02 14:52:22', '2023-12-02 14:52:22'),
(125, 'RSB-B-0020-09-2-0', 'FAN PANASONIC FV25TGU5', 'Panasonic', NULL, 'bagus', '2023-12-02 14:52:22', '2023-12-02 14:52:22'),
(126, 'RSB-B-0016-09-2-0', 'FAN PANASONIC FV25TGU6', 'Panasonic', NULL, 'bagus', '2023-12-02 14:52:22', '2023-12-02 14:52:22'),
(127, 'RSB-B-0090-09-2-0', 'FAN PANASONIC FV25TGU7', 'Panasonic', NULL, 'bagus', '2023-12-02 14:52:22', '2023-12-02 14:52:22'),
(128, 'RSB-B-0012-09-2-0', 'FAN PANASONIC FV25TGU8', 'Panasonic', NULL, 'bagus', '2023-12-02 14:52:22', '2023-12-02 14:52:22'),
(129, 'RSB-B-0013-09-2-0', 'FAN PANASONIC FV25TGU9', 'Panasonic', NULL, 'bagus', '2023-12-02 14:52:22', '2023-12-02 14:52:22'),
(130, 'RSB-B-0014-09-2-0', 'FAN PANASONIC FV25TGU10', 'Panasonic', NULL, 'bagus', '2023-12-02 14:52:22', '2023-12-02 14:52:22'),
(131, 'RSB-B-0015-09-2-0', 'FAN PANASONIC FV25TGU11', 'Panasonic', NULL, 'bagus', '2023-12-02 14:52:22', '2023-12-02 14:52:22'),
(132, 'RSB-B-0017-09-2-0', 'FAN PANASONIC FV25TGU12', 'Panasonic', NULL, 'bagus', '2023-12-02 14:52:22', '2023-12-02 14:52:22'),
(133, 'RSB-B-0018-09-2-0', 'FAN PANASONIC FV25TGU13', 'Panasonic', NULL, 'bagus', '2023-12-02 14:52:22', '2023-12-02 14:52:22'),
(134, 'RSB-B-0021-09-2-0', 'FAN PANASONIC FV25RUN1', 'Panasonic', NULL, 'bagus', '2023-12-02 14:52:22', '2023-12-02 14:52:22'),
(135, 'RSB-B-0022-09-2-0', 'FAN PANASONIC FV25RUN2', 'Panasonic', NULL, 'bagus', '2023-12-02 14:52:22', '2023-12-02 14:52:22'),
(136, 'RSB-B-0023-09-2-0', 'FAN PANASONIC FV25RUN3', 'Panasonic', NULL, 'bagus', '2023-12-02 14:52:22', '2023-12-02 14:52:22'),
(137, 'RSB-B-0024-09-2-0', 'FAN PANASONIC FV25RUN4', 'Panasonic', NULL, 'bagus', '2023-12-02 14:52:22', '2023-12-02 14:52:22'),
(138, 'RSB-B-0025-09-2-0', 'FAN PANASONIC FV25RUN5', 'Panasonic', NULL, 'bagus', '2023-12-02 14:52:22', '2023-12-02 14:52:22'),
(139, 'RSB-B-0026-09-2-0', 'FAN PANASONIC FV25RUN6', 'Panasonic', NULL, 'bagus', '2023-12-02 14:52:22', '2023-12-02 14:52:22'),
(140, 'RSB-B-0027-09-2-0', 'FAN PANASONIC FV25RUN7', 'Panasonic', NULL, 'bagus', '2023-12-02 14:52:22', '2023-12-02 14:52:22'),
(141, 'RSB-B-0028-09-2-0', 'FAN PANASONIC FV25RUN8', 'Panasonic', NULL, 'bagus', '2023-12-02 14:52:22', '2023-12-02 14:52:22'),
(142, 'RSB-B-0029-09-2-0', 'FAN PANASONIC FV25RUN9', 'Panasonic', NULL, 'bagus', '2023-12-02 14:52:22', '2023-12-02 14:52:22'),
(143, 'RSB-B-0030-09-2-0', 'FAN PANASONIC FV25RUN10', 'Panasonic', NULL, 'bagus', '2023-12-02 14:52:22', '2023-12-02 14:52:22'),
(144, 'RSB-B-0041-09-2-0', 'WASTAFEL PORTABEL1', NULL, NULL, 'bagus', '2023-12-02 14:52:22', '2023-12-02 14:52:22'),
(145, 'RSB-B-0042-09-2-0', 'WASTAFEL PORTABEL2', NULL, NULL, 'bagus', '2023-12-02 14:52:22', '2023-12-02 14:52:22'),
(146, 'RSB-B-0043-09-2-0', 'WASTAFEL PORTABEL3', NULL, NULL, 'bagus', '2023-12-02 14:52:22', '2023-12-02 14:52:22'),
(147, 'RSB-B-0177-09-2-0', 'HHD INT CPU 1 TB SEAGATE1', 'Seagate', NULL, 'bagus', '2023-12-02 14:52:22', '2023-12-02 14:52:22'),
(148, 'RSB-B-0044-09-2-0', 'WASTAFEL ALMUNIUM STANDING1', NULL, NULL, 'bagus', '2023-12-02 14:52:22', '2023-12-02 14:52:22'),
(149, 'RSB-B-0045-10-2-0', 'AC SHARP 2 PK AH-A18UCY1', 'Sharp', NULL, 'bagus', '2023-12-02 14:52:22', '2023-12-02 14:52:22'),
(150, 'RSB-B-0046-10-2-0', 'AC SHARP 2 PK AH-A18UCY2', 'Sharp', NULL, 'bagus', '2023-12-02 14:52:22', '2023-12-02 14:52:22'),
(151, 'RSB-B-0047-10-2-0', 'AC SHARP 2 PK AH-A18UCY3', 'Sharp', NULL, 'bagus', '2023-12-02 14:52:22', '2023-12-02 14:52:22'),
(152, 'RSB-B-0109-10-2-0', 'KIPAS ANGIN KAMI1822RG1', NULL, NULL, 'bagus', '2023-12-02 14:52:22', '2023-12-02 14:52:22'),
(153, 'RSB-B-0077-10-2-0', 'KIPAS ANGIN KIRIN1', NULL, NULL, 'bagus', '2023-12-02 14:52:22', '2023-12-02 14:52:22'),
(154, 'RSB-B-0031-10-2-0', 'FAN PANASONIC FV25RUN11', 'Panasonic', NULL, 'bagus', '2023-12-02 14:52:22', '2023-12-02 14:52:22'),
(155, 'RSB-B-0032-10-2-0', 'FAN PANASONIC FV25RUN12', 'Panasonic', NULL, 'bagus', '2023-12-02 14:52:22', '2023-12-02 14:52:22'),
(156, 'RSB-B-0074-10-2-0', 'AC SHARP 1,5PK AH-A12UCY1', 'Sharp', NULL, 'bagus', '2023-12-02 14:52:22', '2023-12-02 14:52:22'),
(157, 'RSB-B-0033-10-2-0', 'FAN PANASONIC FV25TGU14', 'Panasonic', NULL, 'bagus', '2023-12-02 14:52:22', '2023-12-02 14:52:22'),
(158, 'RSB-B-0034-10-2-0', 'FAN PANASONIC FV25TGU15', 'Panasonic', NULL, 'bagus', '2023-12-02 14:52:22', '2023-12-02 14:52:22'),
(159, 'RSB-B-0035-10-2-0', 'FAN PANASONIC FV25TGU16', 'Panasonic', NULL, 'bagus', '2023-12-02 14:52:22', '2023-12-02 14:52:22'),
(160, 'RSB-C-0056-10-2-0', 'HEPA FILTER   UNIT 1', NULL, NULL, 'bagus', '2023-12-02 14:52:22', '2023-12-02 14:52:22'),
(161, 'RSB-C-0057-10-2-0', 'HEPA FILTER   UNIT 2', NULL, NULL, 'bagus', '2023-12-02 14:52:22', '2023-12-02 14:52:22'),
(162, 'RSB-C-0075-10-2-0', 'HEPA FILTER   UNIT 3', NULL, NULL, 'bagus', '2023-12-02 14:52:22', '2023-12-02 14:52:22'),
(163, 'RSB-C-0076-10-2-0', 'HEPA FILTER   UNIT 4', NULL, NULL, 'bagus', '2023-12-02 14:52:22', '2023-12-02 14:52:22'),
(164, 'RSB-C-0084-10-2-0', 'HEPA FILTER   UNIT 5', NULL, NULL, 'bagus', '2023-12-02 14:52:22', '2023-12-02 14:52:22'),
(165, 'RSB-C-0089-10-2-0', 'HEPA FILTER   UNIT 6', NULL, NULL, 'bagus', '2023-12-02 14:52:22', '2023-12-02 14:52:22'),
(166, 'RSB-C-0096-10-2-0', 'TRIAL LENSES   SET 1', NULL, NULL, 'bagus', '2023-12-02 14:52:22', '2023-12-02 14:52:22'),
(167, 'RSB-C-00131-10-2-0', 'LARYNGOSCOPE ANAK   SET 1', NULL, NULL, 'bagus', '2023-12-02 14:52:22', '2023-12-02 14:52:22'),
(168, 'RSB-C-00132-10-2-0', 'LARYNGOSCOPE DEWASA   SET 1', NULL, NULL, 'bagus', '2023-12-02 14:52:22', '2023-12-02 14:52:22'),
(169, 'RSB-C-0122-10-2-0', 'OXYMETRI FOR CHILD   EA 1', NULL, NULL, 'bagus', '2023-12-02 14:52:22', '2023-12-02 14:52:22'),
(170, 'RSB-C-0092-10-2-0', 'TIMBANGAN BADAN DENGAN PENGUKUR TINGGI   EA 1', NULL, NULL, 'bagus', '2023-12-02 14:52:22', '2023-12-02 14:52:22'),
(171, 'RSB-C-0087-10-2-0', 'TROLY EMERGENCY   UNIT 1', NULL, NULL, 'bagus', '2023-12-02 14:52:22', '2023-12-02 14:52:22'),
(172, 'RSB-D-0039-09-2-0', 'ETALASE OBAT1', NULL, NULL, 'bagus', '2023-12-02 14:52:22', '2023-12-02 14:52:22'),
(173, 'RSB-D-1012-09-2-0', 'SETERIKA PHILIPS GC14181', 'Philips', NULL, 'bagus', '2023-12-02 14:52:22', '2023-12-02 14:52:22'),
(174, 'RSB-B-00104-11-2-0', 'AC SHARP 1.5 PK AH-A12UCY1', 'Sharp', NULL, 'bagus', '2023-12-02 14:52:22', '2023-12-02 14:52:22'),
(175, 'RSB-B-0034-11-2-0', 'FAN PANASONIC FV20TGU1', 'Panasonic', NULL, 'bagus', '2023-12-02 14:52:22', '2023-12-02 14:52:22'),
(176, 'RSB-B-0172-11-2-0', 'DISPENSER SANKEN HWD-C500E1', 'Sanken', NULL, 'bagus', '2023-12-02 14:52:22', '2023-12-02 14:52:22'),
(177, 'RSB-B-0060-11-2-0', 'DISPENSER SANKEN HWD-C500E2', 'Sanken', NULL, 'bagus', '2023-12-02 14:52:22', '2023-12-02 14:52:22'),
(178, 'RSB-B-0171-12-2-0', 'LED TOSHIBA 32S29001', 'Toshiba', NULL, 'bagus', '2023-12-02 14:52:22', '2023-12-02 14:52:22'),
(179, 'RSB-B-0067-11-2-0', 'FAN PANASONIC FV25RUN13', 'Panasonic', NULL, 'bagus', '2023-12-02 14:52:22', '2023-12-02 14:52:22'),
(180, 'RSB-B-0068-11-2-0', 'FAN PANASONIC FV25RUN14', 'Panasonic', NULL, 'bagus', '2023-12-02 14:52:22', '2023-12-02 14:52:22'),
(181, 'RSB-B-0069-11-2-0', 'FAN PANASONIC FV25RUN15', 'Panasonic', NULL, 'bagus', '2023-12-02 14:52:22', '2023-12-02 14:52:22'),
(182, 'RSB-B-0070-11-2-0', 'FAN PANASONIC FV25RUN16', 'Panasonic', NULL, 'bagus', '2023-12-02 14:52:22', '2023-12-02 14:52:22'),
(183, 'RSB-B-0071-11-2-0', 'FAN PANASONIC FV25RUN17', 'Panasonic', NULL, 'bagus', '2023-12-02 14:52:22', '2023-12-02 14:52:22'),
(184, 'RSB-B-0072-11-2-0', 'FAN PANASONIC FV25RUN18', 'Panasonic', NULL, 'bagus', '2023-12-02 14:52:22', '2023-12-02 14:52:22'),
(185, 'RSB-B-0080-11-2-0', 'FAN PANASONIC FV25RUN19', 'Panasonic', NULL, 'bagus', '2023-12-02 14:52:22', '2023-12-02 14:52:22'),
(186, 'RSB-B-0081-11-2-0', 'FAN PANASONIC FV25RUN20', 'Panasonic', NULL, 'bagus', '2023-12-02 14:52:22', '2023-12-02 14:52:22'),
(187, 'RSB-B-0082-11-2-0', 'FAN PANASONIC FV25RUN21', 'Panasonic', NULL, 'bagus', '2023-12-02 14:52:22', '2023-12-02 14:52:22'),
(188, 'RSB-B-0120-11-2-0', 'CCTV HIKVISION DS SCD11211', 'HIKVISION', NULL, 'bagus', '2023-12-02 14:52:22', '2023-12-02 16:36:47'),
(189, 'RSB-B-0124-11-2-0', 'PRINTER EPSON L 31101', 'L', NULL, 'bagus', '2023-12-02 14:52:22', '2023-12-02 14:52:22'),
(190, 'RSB-B-0126-11-2-0', 'PRINTER EPSON L 31102', 'L', NULL, 'bagus', '2023-12-02 14:52:22', '2023-12-02 14:52:22'),
(191, 'RSB-B-0127-09-2-0', 'AC SHARP 2PK AH-A18UCY1', 'Sharp', NULL, 'bagus', '2023-12-02 14:52:22', '2023-12-02 14:52:22'),
(192, 'RSB-B-0097-11-2-0', 'DINAMO KIPAS AC APUC 488TLAO1', NULL, NULL, 'bagus', '2023-12-02 14:52:22', '2023-12-02 14:52:22'),
(193, 'RSB-B-0098-11-2-0', 'KOMPRESOR AC 1PK1', NULL, NULL, 'bagus', '2023-12-02 14:52:22', '2023-12-02 14:52:22'),
(194, 'RSB-C-0128-12-2-0', 'ID NOW COVID-19   UNIT 1', NULL, NULL, 'bagus', '2023-12-02 14:52:22', '2023-12-02 14:52:22'),
(195, 'RSB-C-0129-12-2-0', 'SYRINGE PUMP TERUMO TE SS730   UNIT 1', NULL, NULL, 'bagus', '2023-12-02 14:52:22', '2023-12-02 14:52:22'),
(196, 'RSB-C-0130-12-2-0', 'MESIN POLES   UNIT 1', NULL, NULL, 'bagus', '2023-12-02 14:52:22', '2023-12-02 14:52:22'),
(197, 'RSB-C-0136-12-2-0', 'HIGH SPEED GRINDING   UNIT 1', NULL, NULL, 'bagus', '2023-12-02 14:52:22', '2023-12-02 14:52:22'),
(198, 'RSB-C-0137-12-2-0', 'MICRO MOTOR   UNIT 1', NULL, NULL, 'bagus', '2023-12-02 14:52:22', '2023-12-02 14:52:22'),
(199, 'RSB-C-0138-12-2-0', 'MICRO MOTOR   UNIT 2', NULL, NULL, 'bagus', '2023-12-02 14:52:22', '2023-12-02 14:52:22'),
(200, 'RSB-C-0139-12-2-0', 'DENTAL INVESTMENT MATERIAL   BOX 1', NULL, NULL, 'bagus', '2023-12-02 14:52:22', '2023-12-02 14:52:22'),
(201, 'RSB-C-0140-12-2-0', 'OXYMETRI FOR ADULT   EA 1', NULL, NULL, 'bagus', '2023-12-02 14:52:22', '2023-12-02 14:52:22'),
(202, 'RSB-C-0141-12-2-0', 'OXYMETRI FOR ADULT   EA 2', NULL, NULL, 'bagus', '2023-12-02 14:52:22', '2023-12-02 14:52:22'),
(203, 'RSB-D-0102-12-2-1', 'TIRE 235 75 R15 TG, 20 DUNLOP1', NULL, NULL, 'bagus', '2023-12-02 14:52:22', '2023-12-02 14:52:22'),
(204, 'RSB-B-0127-12-2-0', 'HP SAMSUNG GALAXY A215 3/32 GB BLUE1', 'Samsung', NULL, 'bagus', '2023-12-02 14:52:22', '2023-12-02 14:52:22'),
(205, 'RSB-C-0142-12-2-0', 'MIKROTIK GPER GIGABIT PASSIEVE1', 'Gigabit', NULL, 'bagus', '2023-12-02 14:52:22', '2023-12-02 14:52:22'),
(206, 'RSB-B-0126-09-2-0', 'AC SHARP 2 PK AH-A18UCY4', 'Sharp', NULL, 'bagus', '2023-12-02 14:52:22', '2023-12-02 14:52:22'),
(207, 'RSB-B-0169-12-2-0', 'FAN PANASONIC FV25RUN22', 'Panasonic', NULL, 'bagus', '2023-12-02 14:52:22', '2023-12-02 14:52:22'),
(208, 'RSB-B-0052-12-2-0', 'FAN PANASONIC FV25RUN23', 'Panasonic', NULL, 'bagus', '2023-12-02 14:52:22', '2023-12-02 14:52:22'),
(209, 'RSB-B-0053-12-2-0', 'FAN PANASONIC FV25RUN24', 'Panasonic', NULL, 'bagus', '2023-12-02 14:52:22', '2023-12-02 14:52:22'),
(210, 'RSB-B-0054-12-2-0', 'FAN PANASONIC FV25RUN25', 'Panasonic', NULL, 'bagus', '2023-12-02 14:52:22', '2023-12-02 14:52:22'),
(211, 'RSB-B-0055-12-2-0', 'FAN PANASONIC FV25RUN26', 'Panasonic', NULL, 'bagus', '2023-12-02 14:52:22', '2023-12-02 14:52:22'),
(212, 'RSB-B-0110-12-2-0', 'FAN PANASONIC FV25RUN27', 'Panasonic', NULL, 'bagus', '2023-12-02 14:52:22', '2023-12-02 14:52:22'),
(213, 'RSB-B-0111-12-2-0', 'FAN PANASONIC FV25RUN28', 'Panasonic', NULL, 'bagus', '2023-12-02 14:52:22', '2023-12-02 14:52:22'),
(214, 'RSB-B-0112-12-2-0', 'FAN PANASONIC FV25RUN29', 'Panasonic', NULL, 'bagus', '2023-12-02 14:52:22', '2023-12-02 14:52:22'),
(215, 'RSB-B-0113-12-2-0', 'FAN PANASONIC FV25RUN30', 'Panasonic', NULL, 'bagus', '2023-12-02 14:52:22', '2023-12-02 14:52:22'),
(216, 'RSB-B-0114-12-2-0', 'FAN PANASONIC FV25RUN31', 'Panasonic', NULL, 'bagus', '2023-12-02 14:52:22', '2023-12-02 14:52:22'),
(217, 'RSB-B-0115-12-2-0', 'FAN PANASONIC FV25RUN32', 'Panasonic', NULL, 'bagus', '2023-12-02 14:52:22', '2023-12-02 14:52:22'),
(218, 'RSB-B-0116-12-2-0', 'FAN PANASONIC FV25RUN33', 'Panasonic', NULL, 'bagus', '2023-12-02 14:52:22', '2023-12-02 14:52:22'),
(219, 'RSB-B-0117-12-2-0', 'FAN PANASONIC FV25RUN34', 'Panasonic', NULL, 'bagus', '2023-12-02 14:52:22', '2023-12-02 14:52:22'),
(220, 'RSB-B-0118-12-2-0', 'FAN PANASONIC FV25RUN35', 'Panasonic', NULL, 'bagus', '2023-12-02 14:52:22', '2023-12-02 14:52:22'),
(221, 'RSB-B-0048-12-2-0', 'FAN PANASONIC FV25RUN36', 'Panasonic', NULL, 'bagus', '2023-12-02 14:52:22', '2023-12-02 14:52:22'),
(222, 'RSB-B-0134-12-2-0', 'FAN PANASONIC FV25RUN37', 'Panasonic', NULL, 'bagus', '2023-12-02 14:52:22', '2023-12-02 14:52:22'),
(223, 'RSB-B-00135-12-2-0', 'FAN PANASONIC FV25RUN38', 'Panasonic', NULL, 'bagus', '2023-12-02 14:52:22', '2023-12-02 14:52:22'),
(224, 'RSB-B-0048-09-2-0', 'FAN PANASONIC FV25RUN39', 'Panasonic', NULL, 'bagus', '2023-12-02 14:52:22', '2023-12-02 14:52:22'),
(225, 'RSB-B-00105-12-2-0', 'FAN PANASONIC FV25RUN40', 'Panasonic', NULL, 'bagus', '2023-12-02 14:52:22', '2023-12-02 14:52:22'),
(226, 'RSB-B-0146-12-2-0', 'PRINTER EPSON L31101', 'Epson', NULL, 'bagus', '2023-12-02 14:52:22', '2023-12-02 14:52:22'),
(227, 'RSB-B-0192-12-2-0', 'BARITO SPRAYER1', NULL, NULL, 'bagus', '2023-12-02 14:52:22', '2023-12-02 14:52:22'),
(228, 'RSB-B-0193-12-2-0', 'BARITO SPRAYER2', NULL, NULL, 'bagus', '2023-12-02 14:52:22', '2023-12-02 14:52:22'),
(229, 'RSB-B-0194-12-2-0', 'BARITO SPRAYER3', NULL, NULL, 'bagus', '2023-12-02 14:52:22', '2023-12-02 14:52:22'),
(230, 'RSB-B-0195-12-2-0', 'BARITO SPRAYER4', NULL, NULL, 'bagus', '2023-12-02 14:52:22', '2023-12-02 14:52:22'),
(231, 'RSB-B-0196-12-2-0', 'BARITO SPRAYER5', NULL, NULL, 'bagus', '2023-12-02 14:52:22', '2023-12-02 14:52:22'),
(232, 'RSB-B-0148-12-2-0', 'KRESNA SPRAYER1', NULL, NULL, 'bagus', '2023-12-02 14:52:22', '2023-12-02 14:52:22'),
(233, 'RSB-C-00103-12-2-0', 'REUSABLE TURBINE1', NULL, NULL, 'bagus', '2023-12-02 14:52:22', '2023-12-02 14:52:22'),
(234, 'RSB-B-0149-12-2-0', 'HOMECARE BAG1', NULL, NULL, 'bagus', '2023-12-02 14:52:22', '2023-12-02 14:52:22'),
(235, 'RSB-B-0150-12-2-0', 'HEAD BINDEL MESIN1', NULL, NULL, 'bagus', '2023-12-02 14:52:22', '2023-12-02 14:52:22'),
(236, 'RSB-B-0151-12-2-0', 'PRINTER EPSON L31102', 'Epson', NULL, 'bagus', '2023-12-02 14:52:22', '2023-12-02 14:52:22'),
(237, 'RSB-B-0121-09-2-0', ' AC SHARP 2 PK AH-A18UCY 1', 'Sharp', NULL, 'bagus', '2023-12-02 14:52:22', '2023-12-02 14:52:22'),
(238, 'RSB-B-0153-12-2-0', 'MINI PC 1 UNIT RUANG DIREKTUR1', NULL, NULL, 'bagus', '2023-12-02 14:52:22', '2023-12-02 14:52:22'),
(239, 'RSB-B-0154-12-2-0', 'CPU CORE i5, PRINTER EPSON L3110 DAN WONDOWS 10 HOME1', NULL, NULL, 'bagus', '2023-12-02 14:52:22', '2023-12-02 14:52:22'),
(240, 'RSB-B-0156-03-2-1', 'PC AIO ASUS V222FA CORE I3-10110U1', 'Asus', NULL, 'bagus', '2023-12-02 14:52:22', '2023-12-02 14:52:22'),
(241, 'RSB-B-0157-03-2-1', 'PC AIO ASUS V222FA CORE I3-10110U2', 'Asus', NULL, 'bagus', '2023-12-02 14:52:22', '2023-12-02 14:52:22'),
(242, 'RSB-B-0158-03-2-1', 'PC AIO ASUS V222FA CORE I3-10110U3', 'Asus', NULL, 'bagus', '2023-12-02 14:52:22', '2023-12-02 14:52:22'),
(243, 'RSB-B-0159-03-2-1', 'PC AIO ASUS V222FA CORE I3-10110U4', 'Asus', NULL, 'bagus', '2023-12-02 14:52:22', '2023-12-02 14:52:22'),
(244, 'RSB-B-0160-03-2-1', 'PC AIO ASUS V222FA CORE I3-10110U5', 'Asus', NULL, 'bagus', '2023-12-02 14:52:22', '2023-12-02 14:52:22'),
(245, 'RSB-B-0161-09-2-0', ' AC SHARP 2 PK C/W ACCESSORIES 1 EA1', 'Sharp', NULL, 'bagus', '2023-12-02 14:52:22', '2023-12-02 14:52:22'),
(246, 'RSB-B-0162-09-2-0', ' AC SHARP 2 PK C/W ACCESSORIES 1 EA2', 'Sharp', NULL, 'bagus', '2023-12-02 14:52:22', '2023-12-02 14:52:22'),
(247, 'RSB-B-0122-09-2-0', ' AC SHARP 2 PK C/W ACCESSORIES 1 EA3', 'Sharp', NULL, 'bagus', '2023-12-02 14:52:22', '2023-12-02 14:52:22'),
(248, 'RSB-B-0165-03-2-1', 'PRINTER BROTHER MFCT290DW1', 'Brother', NULL, 'bagus', '2023-12-02 14:52:22', '2023-12-02 14:52:22'),
(249, 'RSB-B-0125-09-2-0', 'PRINTER BROTHER MFCT290DW2', 'Brother', NULL, 'bagus', '2023-12-02 14:52:22', '2023-12-02 14:52:22'),
(250, 'RSB-B-0166-08-2-1', 'AC SHARP 2 PK AH-A18UCY5', 'Sharp', NULL, 'bagus', '2023-12-02 14:52:22', '2023-12-02 14:52:22'),
(251, 'RSB-B-0167-09-2-1', 'AC SHARP 2 PK AH-A18UCY6', 'Sharp', NULL, 'bagus', '2023-12-02 14:52:22', '2023-12-02 14:52:22'),
(252, 'RSB-B-0168-12-2-0', 'Server ST 250 7Y45CT01WW Tower Lenovo1', 'Lenovo', NULL, 'bagus', '2023-12-02 14:52:22', '2023-12-02 14:52:22'),
(253, 'RSB-C-01007-01-2-2', 'AUDIOMETRIC HEADSHET WITH EL PELTOR RADIOEAR1', NULL, NULL, 'bagus', '2023-12-02 14:52:22', '2023-12-02 14:52:22'),
(254, 'RSB-B-01001-02-2-2', 'COMPUTER RAKITAN I3 SET,MONITOR MOUSE KEYBOARD1', NULL, NULL, 'bagus', '2023-12-02 14:52:22', '2023-12-02 14:52:22'),
(255, 'RSB-B-01006-02-2-2', 'PRINTER BROTHER MFC T920DW1', 'Brother', NULL, 'bagus', '2023-12-02 14:52:22', '2023-12-02 14:52:22'),
(256, 'RSB-B-01003-02-2-2', 'KOMPUTER COR I3 1', NULL, NULL, 'bagus', '2023-12-02 14:52:22', '2023-12-02 14:52:22'),
(257, 'RSB-B-01004-02-2-2', 'KOMPUTER COR I3 2', NULL, NULL, 'bagus', '2023-12-02 14:52:22', '2023-12-02 14:52:22'),
(258, 'RSB-B-01005-02-2-2', 'KOMPUTER COR I3 3', NULL, NULL, 'bagus', '2023-12-02 14:52:22', '2023-12-02 14:52:22'),
(259, 'RSB B 01010 03 22', 'AC PANASONIC 2PK C/W ACCESSORIES1', 'Panasonic', NULL, 'bagus', '2023-12-02 14:52:22', '2023-12-02 14:52:22'),
(260, 'RSB B 01009 03 22', 'AC PANASONIC 2PK 1', 'Panasonic', NULL, 'bagus', '2023-12-02 14:52:22', '2023-12-02 14:52:22'),
(261, 'RSB-C-01011-03-2-2', 'MIR SPIROMETER SPIROLAB1', NULL, NULL, 'bagus', '2023-12-02 14:52:22', '2023-12-02 14:52:22'),
(262, 'RSB C 01018 10 22', 'ALAT USG, GE/VOLUSON P8, VP88113561', NULL, NULL, 'bagus', '2023-12-02 14:52:22', '2023-12-02 14:52:22'),
(263, 'RCB C 01017 10 22', 'ALAT USG, GE LOGIC P7, LP73518191', NULL, NULL, 'bagus', '2023-12-02 14:52:22', '2023-12-02 14:52:22'),
(264, 'RSB B 01012 05 22', 'KOMPUTET I3 (SET)1', NULL, NULL, 'bagus', '2023-12-02 14:52:22', '2023-12-02 14:52:22'),
(265, 'RSB B 01013 06 22', 'PRINTER HP COLOR LESER MFP 178NM1', 'Hp', NULL, 'bagus', '2023-12-02 14:52:22', '2023-12-02 14:52:22'),
(266, 'RSB B 01014 08 22', 'PANASONIC PENDINGIN UDARA1', 'Panasonic', NULL, 'bagus', '2023-12-02 14:52:22', '2023-12-02 14:52:22'),
(267, 'RSB C 01015 09 22', 'BIOLOGICAL MICROSCOPE MODEL CX33RTFS21', NULL, NULL, 'bagus', '2023-12-02 14:52:22', '2023-12-02 14:52:22'),
(268, 'RSB C 01016 10 22', 'DENTAL UNIT, LUNIX/QL202811', NULL, NULL, 'bagus', '2023-12-02 14:52:22', '2023-12-02 14:52:22'),
(269, 'RSB B 01019 11 22', 'PRINTER DOT MATRIX, EPSON /LQ 2190, MK4Y1954971', 'Epson', NULL, 'bagus', '2023-12-02 14:52:22', '2023-12-02 14:52:22'),
(270, 'RSB B 01020 12 22', 'CPU RAKITAN1', NULL, NULL, 'bagus', '2023-12-02 14:52:22', '2023-12-02 14:52:22');

-- --------------------------------------------------------

--
-- Struktur dari tabel `failed_jobs`
--

CREATE TABLE `failed_jobs` (
  `id` bigint(20) UNSIGNED NOT NULL,
  `uuid` varchar(255) NOT NULL,
  `connection` text NOT NULL,
  `queue` text NOT NULL,
  `payload` longtext NOT NULL,
  `exception` longtext NOT NULL,
  `failed_at` timestamp NOT NULL DEFAULT current_timestamp()
) ENGINE=InnoDB DEFAULT CHARSET=utf8mb4 COLLATE=utf8mb4_unicode_ci;

-- --------------------------------------------------------

--
-- Struktur dari tabel `foto_laporan`
--

CREATE TABLE `foto_laporan` (
  `id` bigint(20) UNSIGNED NOT NULL,
  `foto` varchar(255) NOT NULL,
  `id_laporan` bigint(20) UNSIGNED NOT NULL,
  `created_at` timestamp NULL DEFAULT NULL,
  `updated_at` timestamp NULL DEFAULT NULL
) ENGINE=InnoDB DEFAULT CHARSET=utf8mb4 COLLATE=utf8mb4_unicode_ci;

-- --------------------------------------------------------

--
-- Struktur dari tabel `laporan`
--

CREATE TABLE `laporan` (
  `id` bigint(20) UNSIGNED NOT NULL,
  `id_unit` bigint(20) UNSIGNED NOT NULL,
  `id_ruangan` bigint(20) UNSIGNED NOT NULL,
  `id_asset` bigint(20) UNSIGNED DEFAULT NULL,
  `kode` varchar(255) NOT NULL,
  `nama_barang` varchar(255) NOT NULL,
  `status` varchar(255) NOT NULL,
  `kategori` enum('medis','non medis') NOT NULL,
  `biaya_perbaikan` double(8,2) NOT NULL,
  `keterangan` text NOT NULL,
  `catatan_petugas` text NOT NULL,
  `created_at` timestamp NULL DEFAULT NULL,
  `updated_at` timestamp NULL DEFAULT NULL,
  `id_user` bigint(20) UNSIGNED NOT NULL
) ENGINE=InnoDB DEFAULT CHARSET=utf8mb4 COLLATE=utf8mb4_unicode_ci;

-- --------------------------------------------------------

--
-- Struktur dari tabel `migrations`
--

CREATE TABLE `migrations` (
  `id` int(10) UNSIGNED NOT NULL,
  `migration` varchar(255) NOT NULL,
  `batch` int(11) NOT NULL
) ENGINE=InnoDB DEFAULT CHARSET=utf8mb4 COLLATE=utf8mb4_unicode_ci;

--
-- Dumping data untuk tabel `migrations`
--

INSERT INTO `migrations` (`id`, `migration`, `batch`) VALUES
(1, '2014_10_12_000000_create_users_table', 1),
(2, '2014_10_12_100000_create_password_reset_tokens_table', 1),
(3, '2019_08_19_000000_create_failed_jobs_table', 1),
(4, '2019_12_14_000001_create_personal_access_tokens_table', 1),
(5, '2023_11_21_023834_create_unit_table', 2),
(6, '2023_11_21_023910_create_ruangan_table', 3),
(7, '2023_11_21_023923_create_nomor_badge_table', 3),
(8, '2023_11_21_023955_create_asset_table', 3),
(9, '2023_11_21_024005_create_laporan_table', 3),
(10, '2023_11_21_024028_create_foto_laporan_table', 4),
(11, '2023_11_23_234146_drop_column_id_user_from_laporan_table', 5),
(14, '2023_11_26_094006_add_id_ruangan_to_laporan_table', 6),
(16, '2023_11_27_122623_add_id_user_to_laporan_table', 7),
(17, '2023_11_30_174732_drop_column_solusi_from_laporan_table', 8);

-- --------------------------------------------------------

--
-- Struktur dari tabel `nomor_badge`
--

CREATE TABLE `nomor_badge` (
  `id` bigint(20) UNSIGNED NOT NULL,
  `nomor_pekerja` varchar(255) NOT NULL,
  `nama_pekerja` text NOT NULL,
  `created_at` timestamp NULL DEFAULT NULL,
  `updated_at` timestamp NULL DEFAULT NULL
) ENGINE=InnoDB DEFAULT CHARSET=utf8mb4 COLLATE=utf8mb4_unicode_ci;

--
-- Dumping data untuk tabel `nomor_badge`
--

INSERT INTO `nomor_badge` (`id`, `nomor_pekerja`, `nama_pekerja`, `created_at`, `updated_at`) VALUES
(1, '406154', 'Wandi', NULL, '2023-11-22 17:22:41'),
(3, '406153', 'Sultan Syarif', '2023-11-21 16:22:06', '2023-11-22 23:21:02'),
(4, '406152', 'Rima Fakhirah', '2023-11-21 17:03:50', '2023-11-30 13:33:13'),
(28, '315808', 'Abdan Kurnia Sani', '2023-11-30 13:32:42', '2023-11-30 13:32:42'),
(29, '310165', 'Aedil Safitra', '2023-11-30 13:32:43', '2023-11-30 13:32:43'),
(30, '315992', 'Afdhaliyah Annisa', '2023-11-30 13:32:43', '2023-11-30 13:32:43'),
(31, '316004', 'Agus Susanto', '2023-11-30 13:32:43', '2023-11-30 13:32:43'),
(32, '315232', 'Agustinawati', '2023-11-30 13:32:43', '2023-11-30 13:32:43'),
(33, '315978', 'Ahmad Faridh', '2023-11-30 13:32:43', '2023-11-30 13:32:43'),
(34, '405957', 'Amaliaturrahmah', '2023-11-30 13:32:43', '2023-11-30 13:32:43'),
(35, '301207', 'Amat Soleh', '2023-11-30 13:32:43', '2023-11-30 13:32:43'),
(36, '311507', 'Anas Subariyanto', '2023-11-30 13:32:43', '2023-11-30 13:32:43'),
(37, '315539', 'Andi Ainun Nuzulia', '2023-11-30 13:32:43', '2023-11-30 13:32:43'),
(38, '405954', 'Andrian Rahmadhani', '2023-11-30 13:32:43', '2023-11-30 13:32:43'),
(39, '314710', 'Anindi Vivia Muktitama', '2023-11-30 13:32:43', '2023-11-30 13:32:43'),
(40, '312740', 'Anita Dewi C.', '2023-11-30 13:32:43', '2023-11-30 13:32:43'),
(41, '307451', 'Anna Suryaningsih', '2023-11-30 13:32:43', '2023-11-30 13:32:43'),
(42, '315213', 'Anto', '2023-11-30 13:32:43', '2023-11-30 13:32:43'),
(43, '314829', 'Antonius Waluyo Nugroho', '2023-11-30 13:32:43', '2023-11-30 13:32:43'),
(44, '314937', 'Arjuna Mahesa', '2023-11-30 13:32:43', '2023-11-30 13:32:43'),
(45, '313559', 'Aryni Nur Fibrianti', '2023-11-30 13:32:43', '2023-11-30 13:32:43'),
(46, '309801', 'Astrid Andayani', '2023-11-30 13:32:43', '2023-11-30 13:32:43'),
(47, '310171', 'Atik Suhargiati', '2023-11-30 13:32:43', '2023-11-30 13:32:43'),
(48, '311586', 'Bayu Dewangga', '2023-11-30 13:32:43', '2023-11-30 13:32:43'),
(49, '310367', 'Bayu Pribadi', '2023-11-30 13:32:43', '2023-11-30 13:32:43'),
(50, '312726', 'Bhayu Bontang Adiwinanto', '2023-11-30 13:32:43', '2023-11-30 13:32:43'),
(51, '309804', 'Bona Toras Boas Simanjuntak', '2023-11-30 13:32:43', '2023-11-30 13:32:43'),
(52, '315223', 'Cahyaning Kholiq', '2023-11-30 13:32:43', '2023-11-30 13:32:43'),
(53, '315594', 'Carmel Maria Doera Dale', '2023-11-30 13:32:43', '2023-11-30 13:32:43'),
(54, '312703', 'Chairul Rizal', '2023-11-30 13:32:43', '2023-11-30 13:32:43'),
(55, '311572', 'Chairun Mayang Sari', '2023-11-30 13:32:43', '2023-11-30 13:32:43'),
(56, '301182', 'Dadan Ramdani Kurniawan', '2023-11-30 13:32:43', '2023-11-30 13:32:43'),
(57, '315798', 'Dara Meutia Ayu Febrina', '2023-11-30 13:32:43', '2023-11-30 13:32:43'),
(58, '302372', 'Darusman', '2023-11-30 13:32:43', '2023-11-30 13:32:43'),
(59, '312305', 'Derry Rihandi', '2023-11-30 13:32:43', '2023-11-30 13:32:43'),
(60, '301270', 'Desi Arimbi', '2023-11-30 13:32:43', '2023-11-30 13:32:43'),
(61, '314706', 'Desi Wahyuni', '2023-11-30 13:32:43', '2023-11-30 13:32:43'),
(62, '314356', 'Devi Fajarine Kalimantika Dewi', '2023-11-30 13:32:43', '2023-11-30 13:32:43'),
(63, '306404', 'Dewi Kurnia Sari', '2023-11-30 13:32:43', '2023-11-30 13:32:43'),
(64, '314705', 'Dewi Mustika', '2023-11-30 13:32:43', '2023-11-30 13:32:43'),
(65, '312986', 'Didit Dwi Nugroho', '2023-11-30 13:32:43', '2023-11-30 13:32:43'),
(66, '315532', 'Dinda Elyata', '2023-11-30 13:32:43', '2023-11-30 13:32:43'),
(67, '312110', 'Dwi Fitri Apriyani', '2023-11-30 13:32:43', '2023-11-30 13:32:43'),
(68, '314280', 'Edy Hari Putra', '2023-11-30 13:32:43', '2023-11-30 13:32:43'),
(69, '314518', 'Eka Febri Anjarsari', '2023-11-30 13:32:43', '2023-11-30 13:32:43'),
(70, '312113', 'Eko Cahyo Wibowo', '2023-11-30 13:32:43', '2023-11-30 13:32:43'),
(71, '310954', 'Ekwa Erdiansyah', '2023-11-30 13:32:43', '2023-11-30 13:32:43'),
(72, '310191', 'Endah Purwaningsih', '2023-11-30 13:32:43', '2023-11-30 13:32:43'),
(73, '315680', 'Eni Lestari', '2023-11-30 13:32:43', '2023-11-30 13:32:43'),
(74, '304811', 'Erma Safitri', '2023-11-30 13:32:43', '2023-11-30 13:32:43'),
(75, '304813', 'F. Agus Eko Roestanto', '2023-11-30 13:32:43', '2023-11-30 13:32:43'),
(76, '301245', 'Fagit Herlina', '2023-11-30 13:32:43', '2023-11-30 13:32:43'),
(77, '315196', 'Fajaruddin Ma\'ruf', '2023-11-30 13:32:43', '2023-11-30 13:32:43'),
(78, '304485', 'Fajri', '2023-11-30 13:32:43', '2023-11-30 13:32:43'),
(79, '315732', 'Fanani Peni', '2023-11-30 13:32:43', '2023-11-30 13:32:43'),
(80, '314712', 'Faruq Muhammad Asharul Haq', '2023-11-30 13:32:43', '2023-11-30 13:32:43'),
(81, '312725', 'Febri Ambarwati', '2023-11-30 13:32:43', '2023-11-30 13:32:43'),
(82, '314972', 'Felasa Andriyana', '2023-11-30 13:32:43', '2023-11-30 13:32:43'),
(83, '305039', 'Feri Herlina', '2023-11-30 13:32:43', '2023-11-30 13:32:43'),
(84, '307883', 'Firman Kanang', '2023-11-30 13:32:43', '2023-11-30 13:32:43'),
(85, '311592', 'Fitria Chrusta K', '2023-11-30 13:32:43', '2023-11-30 13:32:43'),
(86, '308231', 'Fitriyani', '2023-11-30 13:32:43', '2023-11-30 13:32:43'),
(87, '315538', 'Flora Sari', '2023-11-30 13:32:43', '2023-11-30 13:32:43'),
(88, '315879', 'Freindi Shahra Takarina', '2023-11-30 13:32:43', '2023-11-30 13:32:43'),
(89, '309808', 'Gasali', '2023-11-30 13:32:43', '2023-11-30 13:32:43'),
(90, '314711', 'Githa Natalis Sitompul', '2023-11-30 13:32:43', '2023-11-30 13:32:43'),
(91, '301218', 'Giyanto Sucipto', '2023-11-30 13:32:43', '2023-11-30 13:32:43'),
(92, '310362', 'Hamka', '2023-11-30 13:32:43', '2023-11-30 13:32:43'),
(93, '309570', 'Hanik Agustina', '2023-11-30 13:32:43', '2023-11-30 13:32:43'),
(94, '315540', 'Hardian', '2023-11-30 13:32:43', '2023-11-30 13:32:43'),
(95, '315453', 'Herdi', '2023-11-30 13:32:43', '2023-11-30 13:32:43'),
(96, '310691', 'Heriyono', '2023-11-30 13:32:43', '2023-11-30 13:32:43'),
(97, '309806', 'Herlina Yanti Karangan', '2023-11-30 13:32:43', '2023-11-30 13:32:43'),
(98, '309807', 'Husnawati', '2023-11-30 13:32:43', '2023-11-30 13:32:43'),
(99, '301222', 'Imron Habibi', '2023-11-30 13:32:43', '2023-11-30 13:32:43'),
(100, '309361', 'Indah Puspitasari', '2023-11-30 13:32:43', '2023-11-30 13:32:43'),
(101, '314209', 'Indriana', '2023-11-30 13:32:43', '2023-11-30 13:32:43'),
(102, '405956', 'Intan Latifah', '2023-11-30 13:32:43', '2023-11-30 13:32:43'),
(103, '308168', 'Irawaty', '2023-11-30 13:32:43', '2023-11-30 13:32:43'),
(104, '301223', 'Isra\' Syirat NM', '2023-11-30 13:32:43', '2023-11-30 13:32:43'),
(105, '315221', 'Izzat Zakia Ridwan', '2023-11-30 13:32:43', '2023-11-30 13:32:43'),
(106, '314709', 'Jummani', '2023-11-30 13:32:43', '2023-11-30 13:32:43'),
(107, '315954', 'Kartika Ratna Dewi', '2023-11-30 13:32:43', '2023-11-30 13:32:43'),
(108, '315897', 'Konne Palullu', '2023-11-30 13:32:43', '2023-11-30 13:32:43'),
(109, '315804', 'Lailatul Dini Rahmadani', '2023-11-30 13:32:43', '2023-11-30 13:32:43'),
(110, '315878', 'Lailita Fahrin Nisa', '2023-11-30 13:32:43', '2023-11-30 13:32:43'),
(111, '315597', 'Leni Marlina', '2023-11-30 13:32:43', '2023-11-30 13:32:43'),
(112, '307414', 'Lili Sumarni', '2023-11-30 13:32:43', '2023-11-30 13:32:43'),
(113, '304538', 'Marentina Purba', '2023-11-30 13:32:43', '2023-11-30 13:32:43'),
(114, '301226', 'Martono', '2023-11-30 13:32:43', '2023-11-30 13:32:43'),
(115, '304818', 'Maulid Lidya Nur', '2023-11-30 13:32:43', '2023-11-30 13:32:43'),
(116, '310170', 'Maulina', '2023-11-30 13:32:43', '2023-11-30 13:32:43'),
(117, '308232', 'Merliani', '2023-11-30 13:32:43', '2023-11-30 13:32:43'),
(118, '308167', 'Miftahul Khair', '2023-11-30 13:32:43', '2023-11-30 13:32:43'),
(119, '314049', 'Muhammad Ali Hanafi', '2023-11-30 13:32:43', '2023-11-30 13:32:43'),
(120, '315178', 'Muhammad Sholihul Masnuh', '2023-11-30 13:32:43', '2023-11-30 13:32:43'),
(121, '312112', 'Murni Yanti', '2023-11-30 13:32:43', '2023-11-30 13:32:43'),
(122, '315786', 'Murpiani Aqila Putri', '2023-11-30 13:32:43', '2023-11-30 13:32:43'),
(123, '315860', 'Mutia Nur Asmi Dewi', '2023-11-30 13:32:43', '2023-11-30 13:32:43'),
(124, '315142', 'Nadia Saso Paulangan', '2023-11-30 13:32:43', '2023-11-30 13:32:43'),
(125, '315228', 'Nanang Utomo', '2023-11-30 13:32:43', '2023-11-30 13:32:43'),
(126, '315952', 'Ni Made Mela Sarasmita', '2023-11-30 13:32:43', '2023-11-30 13:32:43'),
(127, '314264', 'Nikma Kris Dayanti', '2023-11-30 13:32:43', '2023-11-30 13:32:43'),
(128, '315219', 'Nita Sundari', '2023-11-30 13:32:43', '2023-11-30 13:32:43'),
(129, '314349', 'Novhia Eka Putri Mukrodiah', '2023-11-30 13:32:43', '2023-11-30 13:32:43'),
(130, '315225', 'Novita Febriani', '2023-11-30 13:32:43', '2023-11-30 13:32:43'),
(131, '312418', 'Novri Luluk Setiawan', '2023-11-30 13:32:43', '2023-11-30 13:32:43'),
(132, '310331', 'Nur Halimah', '2023-11-30 13:32:43', '2023-11-30 13:32:43'),
(133, '314090', 'Nur Ramadhana', '2023-11-30 13:32:43', '2023-11-30 13:32:43'),
(134, '315764', 'Nurinda Iffatus Sa\'idah', '2023-11-30 13:32:43', '2023-11-30 13:32:43'),
(135, '314093', 'Nurul Amborowati', '2023-11-30 13:32:43', '2023-11-30 13:32:43'),
(136, '315197', 'Nurul Lita', '2023-11-30 13:32:43', '2023-11-30 13:32:43'),
(137, '310361', 'Obrian Haltan Al Fikri', '2023-11-30 13:32:43', '2023-11-30 13:32:43'),
(138, '315175', 'Onya Nurlily', '2023-11-30 13:32:43', '2023-11-30 13:32:43'),
(139, '315537', 'Paidah Kamil', '2023-11-30 13:32:43', '2023-11-30 13:32:43'),
(140, '310423', 'Pakhruzzabadi', '2023-11-30 13:32:43', '2023-11-30 13:32:43'),
(141, '314830', 'Putri Yuli Lestari', '2023-11-30 13:32:43', '2023-11-30 13:32:43'),
(142, '314852', 'Putu Isma Saraswati Dewi', '2023-11-30 13:32:43', '2023-11-30 13:32:43'),
(143, '315735', 'Qori Ariza', '2023-11-30 13:32:43', '2023-11-30 13:32:43'),
(144, '312109', 'Rahayu Febriyanti', '2023-11-30 13:32:43', '2023-11-30 13:32:43'),
(145, '315876', 'Rahmat Hidayat', '2023-11-30 13:32:43', '2023-11-30 13:32:43'),
(146, '315805', 'Rahmawati', '2023-11-30 13:32:43', '2023-11-30 13:32:43'),
(147, '314671', 'Ratri Suci Imartanti', '2023-11-30 13:32:43', '2023-11-30 13:32:43'),
(148, '304825', 'Rien Potu Agustina', '2023-11-30 13:32:43', '2023-11-30 13:32:43'),
(149, '314091', 'Risa Rahasia', '2023-11-30 13:32:43', '2023-11-30 13:32:43'),
(150, '312278', 'Riska Astrina', '2023-11-30 13:32:43', '2023-11-30 13:32:43'),
(151, '315458', 'Risky Antono', '2023-11-30 13:32:43', '2023-11-30 13:32:43'),
(152, '315349', 'Rita Oktavianti', '2023-11-30 13:32:43', '2023-11-30 13:32:43'),
(153, '314707', 'Rizki Darul Islam', '2023-11-30 13:32:43', '2023-11-30 13:32:43'),
(154, '309908', 'Rotin', '2023-11-30 13:32:43', '2023-11-30 13:32:43'),
(155, '309903', 'Samril', '2023-11-30 13:32:43', '2023-11-30 13:32:43'),
(156, '302423', 'Sarjono', '2023-11-30 13:32:43', '2023-11-30 13:32:43'),
(157, '314938', 'Serli Melinda', '2023-11-30 13:32:43', '2023-11-30 13:32:43'),
(158, '309902', 'Setyo Wahyudi', '2023-11-30 13:32:43', '2023-11-30 13:32:43'),
(159, '301232', 'Sigit Edi Poerwono', '2023-11-30 13:32:43', '2023-11-30 13:32:43'),
(160, '309669', 'Sisca Sherly Friyana', '2023-11-30 13:32:43', '2023-11-30 13:32:43'),
(161, '312724', 'Siti Sulistyaningsih', '2023-11-30 13:32:43', '2023-11-30 13:32:43'),
(162, '301234', 'Sri Suhartini', '2023-11-30 13:32:43', '2023-11-30 13:32:43'),
(163, '315176', 'Sri Sulanjari', '2023-11-30 13:32:43', '2023-11-30 13:32:43'),
(164, '315220', 'Suci Fitrah', '2023-11-30 13:32:43', '2023-11-30 13:32:43'),
(165, '315454', 'Suharyuni Suwakbur', '2023-11-30 13:32:43', '2023-11-30 13:32:43'),
(166, '306401', 'Sukuria Sudirman', '2023-11-30 13:32:43', '2023-11-30 13:32:43'),
(167, '308166', 'Sultan', '2023-11-30 13:32:43', '2023-11-30 13:32:43'),
(168, '304488', 'Supriansyah', '2023-11-30 13:32:43', '2023-11-30 13:32:43'),
(169, '315736', 'Syeifira Salsabila', '2023-11-30 13:32:43', '2023-11-30 13:32:43'),
(170, '313051', 'Tahir', '2023-11-30 13:32:43', '2023-11-30 13:32:43'),
(171, '301239', 'Triyana', '2023-11-30 13:32:43', '2023-11-30 13:32:43'),
(172, '313848', 'Wahyu Johansyah', '2023-11-30 13:32:43', '2023-11-30 13:32:43'),
(173, '315859', 'Wahyuni Kusumaningrum Promudhowardhani', '2023-11-30 13:32:43', '2023-11-30 13:32:43'),
(174, '301242', 'Wiwit Rahayu', '2023-11-30 13:32:43', '2023-11-30 13:32:43'),
(175, '304812', 'Yayu\' Supartini', '2023-11-30 13:32:43', '2023-11-30 13:32:43'),
(176, '315766', 'Yevy Maudi Leusriani', '2023-11-30 13:32:43', '2023-11-30 13:32:43'),
(177, '310363', 'Yuka Nirmalasari', '2023-11-30 13:32:43', '2023-11-30 13:32:43'),
(178, '315434', 'Yumna Puji Apriani', '2023-11-30 13:32:43', '2023-11-30 13:32:43'),
(179, '314934', 'Yuni Widyawati Mandasari', '2023-11-30 13:32:43', '2023-11-30 13:32:43'),
(180, '315125', 'Yusdi', '2023-11-30 13:32:43', '2023-11-30 13:32:43'),
(181, '314089', 'Zakiyah Oktaviani', '2023-11-30 13:32:43', '2023-11-30 13:32:43'),
(182, '315858', 'Zakwan Hafidz', '2023-11-30 13:32:43', '2023-11-30 13:32:43'),
(183, '312205', 'Zona Dewi Utari', '2023-11-30 13:32:43', '2023-11-30 13:32:43'),
(184, '315966', 'Zuhaidah', '2023-11-30 13:32:43', '2023-11-30 13:32:43'),
(185, '315607', 'Zulqaedah Febri Mellinia', '2023-11-30 13:32:43', '2023-11-30 13:32:43');

-- --------------------------------------------------------

--
-- Struktur dari tabel `password_reset_tokens`
--

CREATE TABLE `password_reset_tokens` (
  `email` varchar(255) NOT NULL,
  `token` varchar(255) NOT NULL,
  `created_at` timestamp NULL DEFAULT NULL
) ENGINE=InnoDB DEFAULT CHARSET=utf8mb4 COLLATE=utf8mb4_unicode_ci;

--
-- Dumping data untuk tabel `password_reset_tokens`
--

INSERT INTO `password_reset_tokens` (`email`, `token`, `created_at`) VALUES
('wndi1209@gmail.com', '$2y$12$iXe0hwp./boEoySU6hKB3.kdQP3BxtnhgWDWL3DAGGgqqHt3zXTpe', '2023-12-01 01:50:38');

-- --------------------------------------------------------

--
-- Struktur dari tabel `personal_access_tokens`
--

CREATE TABLE `personal_access_tokens` (
  `id` bigint(20) UNSIGNED NOT NULL,
  `tokenable_type` varchar(255) NOT NULL,
  `tokenable_id` bigint(20) UNSIGNED NOT NULL,
  `name` varchar(255) NOT NULL,
  `token` varchar(64) NOT NULL,
  `abilities` text DEFAULT NULL,
  `last_used_at` timestamp NULL DEFAULT NULL,
  `expires_at` timestamp NULL DEFAULT NULL,
  `created_at` timestamp NULL DEFAULT NULL,
  `updated_at` timestamp NULL DEFAULT NULL
) ENGINE=InnoDB DEFAULT CHARSET=utf8mb4 COLLATE=utf8mb4_unicode_ci;

-- --------------------------------------------------------

--
-- Struktur dari tabel `ruangan`
--

CREATE TABLE `ruangan` (
  `id` bigint(20) UNSIGNED NOT NULL,
  `nama` varchar(255) NOT NULL,
  `id_unit` bigint(20) UNSIGNED NOT NULL,
  `created_at` timestamp NULL DEFAULT NULL,
  `updated_at` timestamp NULL DEFAULT NULL
) ENGINE=InnoDB DEFAULT CHARSET=utf8mb4 COLLATE=utf8mb4_unicode_ci;

--
-- Dumping data untuk tabel `ruangan`
--

INSERT INTO `ruangan` (`id`, `nama`, `id_unit`, `created_at`, `updated_at`) VALUES
(2, 'Teknologi Informasi', 2, NULL, '2023-12-01 01:02:55'),
(5, 'Satuan Pengawal Internet (SPI)', 26, NULL, '2023-12-01 01:04:21'),
(6, 'Administrasi', 4, '2023-12-01 00:56:51', '2023-12-01 00:56:51'),
(7, 'ICD / Pelaporan', 4, '2023-12-01 01:01:59', '2023-12-01 01:01:59'),
(8, 'Pengendalian Rekam Medis', 4, '2023-12-01 01:09:15', '2023-12-01 01:09:15'),
(9, 'Tempat Pendaftaran Pasien (TTP)', 4, '2023-12-01 01:09:41', '2023-12-01 01:09:41'),
(10, 'Apotek', 5, '2023-12-01 01:10:14', '2023-12-01 01:10:14'),
(11, 'FASILITAS UMUM', 6, '2023-12-01 01:11:02', '2023-12-01 01:11:02'),
(12, 'Gudang Farmasi', 7, '2023-12-01 02:42:15', '2023-12-01 02:42:15'),
(13, 'Gudang Umum', 7, '2023-12-01 02:44:26', '2023-12-01 02:44:26'),
(14, 'Perawatan Rawat Darurat', 8, '2023-12-01 02:45:25', '2023-12-01 02:45:25'),
(15, 'Bedah Sentral', 9, '2023-12-01 02:48:11', '2023-12-01 02:48:11'),
(16, 'Kamar Bersalin', 9, '2023-12-01 02:48:34', '2023-12-01 02:48:34'),
(17, 'Nurse Station Rawat Inap', 9, '2023-12-01 02:48:52', '2023-12-01 02:48:52'),
(18, 'BOD PT Badak', 10, '2023-12-01 02:49:40', '2023-12-01 02:49:40'),
(19, 'Catering PT Badak', 10, '2023-12-01 02:50:15', '2023-12-01 02:50:15'),
(20, 'First Alder PT Badak', 10, '2023-12-01 02:50:43', '2023-12-01 02:50:43'),
(21, 'Fisioterapi dan Rehabilitasi', 10, '2023-12-01 02:51:02', '2023-12-01 02:51:02'),
(22, 'HOME CARE', 10, '2023-12-01 02:51:16', '2023-12-01 02:51:16'),
(23, 'Kesehatan Kerja', 10, '2023-12-01 02:52:59', '2023-12-01 02:52:59'),
(24, 'Klinik BKIA', 10, '2023-12-01 02:53:19', '2023-12-01 02:53:19'),
(25, 'Klinik Gigi 1', 10, '2023-12-01 02:53:37', '2023-12-01 02:53:37'),
(26, 'Klinik Gigi 2', 10, '2023-12-01 02:53:56', '2023-12-01 02:53:56'),
(27, 'Klinik Gigi 3', 10, '2023-12-01 02:54:17', '2023-12-01 02:54:17'),
(28, 'Klinik Gigi 4', 10, '2023-12-01 02:54:41', '2023-12-01 02:54:41'),
(29, 'Klinik MCU', 10, '2023-12-01 02:55:05', '2023-12-01 02:55:05'),
(30, 'Klinik Nutrisi', 10, '2023-12-01 02:55:32', '2023-12-01 02:55:32'),
(31, 'Klinik Spesialis Jiwa', 10, '2023-12-01 02:55:50', '2023-12-01 02:55:50'),
(32, 'Klinik Umum 1', 10, '2023-12-01 02:56:49', '2023-12-01 02:56:49'),
(33, 'Klinik Umum 2', 10, '2023-12-01 03:04:59', '2023-12-01 03:04:59'),
(34, 'Klinik Umum 3', 10, '2023-12-01 03:05:12', '2023-12-01 03:05:12'),
(35, 'Klinik Umum 4', 10, '2023-12-01 03:05:26', '2023-12-01 03:05:26'),
(36, 'Klinik Umum 5', 10, '2023-12-01 03:05:37', '2023-12-01 03:05:37'),
(37, 'Laboratorium Gigi', 10, '2023-12-01 03:06:05', '2023-12-01 03:06:05'),
(38, 'P3K', 10, '2023-12-01 03:06:23', '2023-12-01 03:06:23'),
(39, 'P3K PT Badak', 10, '2023-12-01 03:06:51', '2023-12-01 03:06:51'),
(40, 'Parcel RI PT Badak', 10, '2023-12-01 03:07:11', '2023-12-01 03:07:11'),
(41, 'Pengembangan Usaha', 10, '2023-12-01 03:08:09', '2023-12-01 03:08:09'),
(42, 'POLI ESTETIKA', 10, '2023-12-01 03:08:22', '2023-12-01 03:08:22'),
(43, 'Poli PAMA', 10, '2023-12-01 03:08:40', '2023-12-01 03:08:40'),
(44, 'Spesialis Anak', 10, '2023-12-01 03:08:54', '2023-12-01 03:08:54'),
(45, 'Spesialis Bedah', 10, '2023-12-01 03:09:11', '2023-12-01 03:09:11'),
(46, 'Spesialis Jantung', 10, '2023-12-01 03:18:20', '2023-12-01 03:18:20'),
(47, 'Spesialis Kandungan', 10, '2023-12-01 03:18:32', '2023-12-01 03:18:32'),
(48, 'Spesialis Kulit', 10, '2023-12-01 03:18:56', '2023-12-01 03:18:56'),
(49, 'Spesialis Mata', 10, '2023-12-01 03:19:09', '2023-12-01 03:19:09'),
(50, 'Spesialis Orthopaedi', 10, '2023-12-01 03:26:01', '2023-12-01 03:26:01'),
(51, 'Spesialis Penyakit Dalam', 10, '2023-12-01 03:26:46', '2023-12-01 03:26:46'),
(52, 'Spesialis Syaraf', 10, '2023-12-01 03:27:02', '2023-12-01 03:27:02'),
(53, 'Spesialis THT', 10, '2023-12-01 03:27:16', '2023-12-01 03:27:16'),
(54, 'TRIAGE', 10, '2023-12-01 03:27:33', '2023-12-01 03:27:33'),
(55, 'Tumbuh Kembang Anak', 10, '2023-12-01 03:27:53', '2023-12-01 03:27:53'),
(56, 'Poliklinik Kasir', 11, '2023-12-01 03:28:06', '2023-12-01 03:28:06'),
(57, 'Modern wound Care', 12, '2023-12-01 05:42:34', '2023-12-01 05:42:34'),
(58, 'Poli BKIA Poliklinik', 12, '2023-12-01 05:42:50', '2023-12-01 05:42:50'),
(59, 'poli gigi Poliklinik', 12, '2023-12-01 05:43:07', '2023-12-01 05:43:07'),
(60, 'poli umum Poliklinik', 12, '2023-12-01 05:43:23', '2023-12-01 05:43:23'),
(61, 'Apotek Klinik Pratama 2', 13, '2023-12-01 05:43:40', '2023-12-01 05:43:40'),
(62, 'BKIA Klinik Pratama 2', 13, '2023-12-01 05:43:56', '2023-12-01 05:43:56'),
(63, 'FASILITAS UMUM KLINIK LAPANGAN KAMPUNG BARU', 13, '2023-12-01 05:44:16', '2023-12-01 05:44:16'),
(64, 'Fasilitas Umum Klinik Pratama 2', 13, '2023-12-01 05:44:29', '2023-12-01 05:44:29'),
(65, 'Kasir Klinik Pratama 2', 13, '2023-12-01 05:44:45', '2023-12-01 05:44:45'),
(66, 'Pendaftaran Klinik Pratama 2', 13, '2023-12-01 05:45:10', '2023-12-01 05:45:10'),
(67, 'POLI GIGI', 13, '2023-12-01 05:45:23', '2023-12-01 05:45:23'),
(68, 'Poli Gigi Klinik Pratama 2', 13, '2023-12-01 05:45:41', '2023-12-01 05:45:41'),
(69, 'Poli Umum Klinik Pratama 2', 13, '2023-12-01 05:45:56', '2023-12-01 05:45:56'),
(70, 'Logistik', 14, '2023-12-01 05:47:43', '2023-12-01 05:47:43'),
(71, 'KOMDIK', 15, '2023-12-01 05:48:43', '2023-12-01 05:48:43'),
(72, 'Ruang Direktur', 15, '2023-12-01 05:51:26', '2023-12-01 05:51:26'),
(73, 'Ruang Wadir Keuangan', 15, '2023-12-01 05:52:16', '2023-12-01 05:52:16'),
(74, 'Ruang Wadir Pelayanan Medis', 15, '2023-12-01 05:53:14', '2023-12-01 05:53:14'),
(75, 'Ruang Wadir Umum', 15, '2023-12-01 05:53:33', '2023-12-01 05:53:33'),
(76, 'Utilisasi Dan Verifikasi', 17, '2023-12-01 05:55:04', '2023-12-01 05:55:04'),
(77, 'PENGEMBANGAN PRODUK', 18, '2023-12-01 06:01:27', '2023-12-01 06:01:27'),
(78, 'VERIFIKASI', 19, '2023-12-01 06:01:45', '2023-12-01 06:01:45'),
(79, 'Ahli Gizi Dan Juru Masak', 20, '2023-12-01 06:02:02', '2023-12-01 06:02:02'),
(80, 'Laboratorium', 21, '2023-12-01 06:02:20', '2023-12-01 06:02:20'),
(81, 'PPI', 22, '2023-12-01 06:02:38', '2023-12-01 06:02:38'),
(82, 'Rawat Inap Kamar Operasi', 23, '2023-12-01 06:05:08', '2023-12-01 06:05:08'),
(83, 'LOUNDRY DAN CS', 24, '2023-12-01 06:05:28', '2023-12-01 06:05:28'),
(84, 'SANITASI', 25, '2023-12-01 06:05:52', '2023-12-01 06:05:52'),
(85, 'Sekretaris', 27, '2023-12-01 06:06:28', '2023-12-01 06:06:28'),
(86, 'HIK dan Legal', 1, '2023-12-01 06:06:51', '2023-12-01 06:06:51'),
(87, 'K3RS', 1, '2023-12-01 06:07:13', '2023-12-01 06:07:13'),
(88, 'Pengupahan dan Diklat', 1, '2023-12-01 06:07:26', '2023-12-01 06:07:26'),
(89, 'SDM', 1, '2023-12-01 06:07:48', '2023-12-01 06:07:48');

-- --------------------------------------------------------

--
-- Struktur dari tabel `unit`
--

CREATE TABLE `unit` (
  `id` bigint(20) UNSIGNED NOT NULL,
  `nama` varchar(255) NOT NULL,
  `created_at` timestamp NULL DEFAULT NULL,
  `updated_at` timestamp NULL DEFAULT NULL
) ENGINE=InnoDB DEFAULT CHARSET=utf8mb4 COLLATE=utf8mb4_unicode_ci;

--
-- Dumping data untuk tabel `unit`
--

INSERT INTO `unit` (`id`, `nama`, `created_at`, `updated_at`) VALUES
(1, 'Sumber Daya Manusia', '2023-11-22 23:25:29', '2023-12-01 00:53:34'),
(2, 'Teknologi Informasi', '2023-11-22 23:27:35', '2023-12-01 00:55:12'),
(4, 'Adm. Medis', '2023-12-01 00:37:59', '2023-12-01 00:37:59'),
(5, 'Apotek', '2023-12-01 00:38:15', '2023-12-01 00:38:15'),
(6, 'Fasilitas Umum', '2023-12-01 00:38:31', '2023-12-01 00:38:31'),
(7, 'Gudang', '2023-12-01 00:38:48', '2023-12-01 00:38:48'),
(8, 'Instalasi Gawat Darurat', '2023-12-01 00:39:25', '2023-12-01 00:39:25'),
(9, 'Instalasi Rawat Inap', '2023-12-01 00:39:45', '2023-12-01 00:39:45'),
(10, 'Instalasi Rawat Jalan', '2023-12-01 00:39:55', '2023-12-01 00:39:55'),
(11, 'Keuangan Poliklinik Luar', '2023-12-01 00:40:25', '2023-12-01 00:40:25'),
(12, 'Klinik Pratama 1', '2023-12-01 00:40:35', '2023-12-01 00:40:35'),
(13, 'Klinik Pratama 2', '2023-12-01 00:40:48', '2023-12-01 00:40:48'),
(14, 'Logistik', '2023-12-01 00:41:33', '2023-12-01 00:41:33'),
(15, 'Manajemen', '2023-12-01 00:41:43', '2023-12-01 00:41:43'),
(17, 'Peng. Biaya Layanan dan Support', '2023-12-01 00:42:38', '2023-12-01 00:42:38'),
(18, 'Pengembangan Produk', '2023-12-01 00:42:46', '2023-12-01 00:42:46'),
(19, 'Pengembangan Usaha', '2023-12-01 00:43:11', '2023-12-01 00:43:11'),
(20, 'Penunjang Medis Gizi', '2023-12-01 00:43:23', '2023-12-01 00:43:23'),
(21, 'Penunjang Medis Laboratorium', '2023-12-01 00:43:49', '2023-12-01 00:43:49'),
(22, 'PPI', '2023-12-01 00:44:01', '2023-12-01 00:44:01'),
(23, 'Rawat Inap Kamar Operasi', '2023-12-01 00:44:21', '2023-12-01 00:44:21'),
(24, 'Rawat Jalan Rehabilitasi Medis', '2023-12-01 00:46:31', '2023-12-01 00:46:31'),
(25, 'Sanitasi', '2023-12-01 00:46:47', '2023-12-01 00:46:47'),
(26, 'Satuan Pengawal Internet (SPI)', '2023-12-01 00:47:18', '2023-12-01 00:47:18'),
(27, 'Sekretaris', '2023-12-01 00:47:39', '2023-12-01 00:47:39');

-- --------------------------------------------------------

--
-- Struktur dari tabel `users`
--

CREATE TABLE `users` (
  `id` bigint(20) UNSIGNED NOT NULL,
  `name` varchar(255) NOT NULL,
  `jabatan` varchar(255) NOT NULL,
  `nomor_badge` varchar(255) NOT NULL,
  `email` varchar(255) NOT NULL,
  `role` enum('admin','petugas','user') NOT NULL DEFAULT 'user',
  `email_verified_at` timestamp NULL DEFAULT NULL,
  `password` varchar(255) NOT NULL,
  `remember_token` varchar(100) DEFAULT NULL,
  `created_at` timestamp NULL DEFAULT NULL,
  `updated_at` timestamp NULL DEFAULT NULL
) ENGINE=InnoDB DEFAULT CHARSET=utf8mb4 COLLATE=utf8mb4_unicode_ci;

--
-- Dumping data untuk tabel `users`
--

INSERT INTO `users` (`id`, `name`, `jabatan`, `nomor_badge`, `email`, `role`, `email_verified_at`, `password`, `remember_token`, `created_at`, `updated_at`) VALUES
(1, 'Wandi', 'PKL', '406154', 'wndi1209@gmail.com', 'admin', '2023-11-23 16:06:06', '$2y$12$GoQiv5BPCgWn6XMyzsZ9UeP/KifiUTYPXuGHFk6XG51iy9hZBKkt2', NULL, '2023-11-23 16:05:42', '2023-11-23 16:06:06'),
(3, 'Rima Fakhirah', 'PKL', '406152', 'rimafakhirah15@gmail.com', 'user', '2023-12-01 00:28:11', '$2y$12$JdU7eLmeSqDpLn2Rd0HzU.qatftB92P.yrNxpQeeJRwhX9rOujtxG', NULL, '2023-11-20 17:52:27', '2023-12-03 23:51:35'),
(6, 'Sultan Syarif', 'PKL', '406153', 'sultansyarif602@gmail.com', 'petugas', '2023-12-02 14:23:05', '$2y$12$nc5/pP0nJC/CePS08YvwCeEdmicy/FqYTvSReWaE/hcyHnOGT3YUu', NULL, '2023-12-02 13:39:57', '2023-12-03 23:47:29');

--
-- Indexes for dumped tables
--

--
-- Indeks untuk tabel `asset`
--
ALTER TABLE `asset`
  ADD PRIMARY KEY (`id`),
  ADD UNIQUE KEY `asset_nomor_unique` (`nomor`);

--
-- Indeks untuk tabel `failed_jobs`
--
ALTER TABLE `failed_jobs`
  ADD PRIMARY KEY (`id`),
  ADD UNIQUE KEY `failed_jobs_uuid_unique` (`uuid`);

--
-- Indeks untuk tabel `foto_laporan`
--
ALTER TABLE `foto_laporan`
  ADD PRIMARY KEY (`id`),
  ADD KEY `foto_laporan_id_laporan_foreign` (`id_laporan`);

--
-- Indeks untuk tabel `laporan`
--
ALTER TABLE `laporan`
  ADD PRIMARY KEY (`id`),
  ADD UNIQUE KEY `laporan_kode_unique` (`kode`),
  ADD KEY `laporan_id_unit_foreign` (`id_unit`),
  ADD KEY `laporan_id_asset_foreign` (`id_asset`),
  ADD KEY `laporan_id_ruangan_foreign` (`id_ruangan`),
  ADD KEY `laporan_id_user_foreign` (`id_user`);

--
-- Indeks untuk tabel `migrations`
--
ALTER TABLE `migrations`
  ADD PRIMARY KEY (`id`);

--
-- Indeks untuk tabel `nomor_badge`
--
ALTER TABLE `nomor_badge`
  ADD PRIMARY KEY (`id`),
  ADD UNIQUE KEY `nomor_badge_nomor_pekerja_unique` (`nomor_pekerja`);

--
-- Indeks untuk tabel `password_reset_tokens`
--
ALTER TABLE `password_reset_tokens`
  ADD PRIMARY KEY (`email`);

--
-- Indeks untuk tabel `personal_access_tokens`
--
ALTER TABLE `personal_access_tokens`
  ADD PRIMARY KEY (`id`),
  ADD UNIQUE KEY `personal_access_tokens_token_unique` (`token`),
  ADD KEY `personal_access_tokens_tokenable_type_tokenable_id_index` (`tokenable_type`,`tokenable_id`);

--
-- Indeks untuk tabel `ruangan`
--
ALTER TABLE `ruangan`
  ADD PRIMARY KEY (`id`),
  ADD KEY `ruangan_id_unit_foreign` (`id_unit`);

--
-- Indeks untuk tabel `unit`
--
ALTER TABLE `unit`
  ADD PRIMARY KEY (`id`);

--
-- Indeks untuk tabel `users`
--
ALTER TABLE `users`
  ADD PRIMARY KEY (`id`),
  ADD UNIQUE KEY `users_nomor_badge_unique` (`nomor_badge`),
  ADD UNIQUE KEY `users_email_unique` (`email`);

--
-- AUTO_INCREMENT untuk tabel yang dibuang
--

--
-- AUTO_INCREMENT untuk tabel `asset`
--
ALTER TABLE `asset`
  MODIFY `id` bigint(20) UNSIGNED NOT NULL AUTO_INCREMENT, AUTO_INCREMENT=271;

--
-- AUTO_INCREMENT untuk tabel `failed_jobs`
--
ALTER TABLE `failed_jobs`
  MODIFY `id` bigint(20) UNSIGNED NOT NULL AUTO_INCREMENT;

--
-- AUTO_INCREMENT untuk tabel `foto_laporan`
--
ALTER TABLE `foto_laporan`
  MODIFY `id` bigint(20) UNSIGNED NOT NULL AUTO_INCREMENT, AUTO_INCREMENT=97;

--
-- AUTO_INCREMENT untuk tabel `laporan`
--
ALTER TABLE `laporan`
  MODIFY `id` bigint(20) UNSIGNED NOT NULL AUTO_INCREMENT, AUTO_INCREMENT=56;

--
-- AUTO_INCREMENT untuk tabel `migrations`
--
ALTER TABLE `migrations`
  MODIFY `id` int(10) UNSIGNED NOT NULL AUTO_INCREMENT, AUTO_INCREMENT=18;

--
-- AUTO_INCREMENT untuk tabel `nomor_badge`
--
ALTER TABLE `nomor_badge`
  MODIFY `id` bigint(20) UNSIGNED NOT NULL AUTO_INCREMENT, AUTO_INCREMENT=186;

--
-- AUTO_INCREMENT untuk tabel `personal_access_tokens`
--
ALTER TABLE `personal_access_tokens`
  MODIFY `id` bigint(20) UNSIGNED NOT NULL AUTO_INCREMENT;

--
-- AUTO_INCREMENT untuk tabel `ruangan`
--
ALTER TABLE `ruangan`
  MODIFY `id` bigint(20) UNSIGNED NOT NULL AUTO_INCREMENT, AUTO_INCREMENT=90;

--
-- AUTO_INCREMENT untuk tabel `unit`
--
ALTER TABLE `unit`
  MODIFY `id` bigint(20) UNSIGNED NOT NULL AUTO_INCREMENT, AUTO_INCREMENT=28;

--
-- AUTO_INCREMENT untuk tabel `users`
--
ALTER TABLE `users`
  MODIFY `id` bigint(20) UNSIGNED NOT NULL AUTO_INCREMENT, AUTO_INCREMENT=7;

--
-- Ketidakleluasaan untuk tabel pelimpahan (Dumped Tables)
--

--
-- Ketidakleluasaan untuk tabel `foto_laporan`
--
ALTER TABLE `foto_laporan`
  ADD CONSTRAINT `foto_laporan_id_laporan_foreign` FOREIGN KEY (`id_laporan`) REFERENCES `laporan` (`id`) ON DELETE CASCADE;

--
-- Ketidakleluasaan untuk tabel `laporan`
--
ALTER TABLE `laporan`
  ADD CONSTRAINT `laporan_id_asset_foreign` FOREIGN KEY (`id_asset`) REFERENCES `asset` (`id`) ON DELETE CASCADE,
  ADD CONSTRAINT `laporan_id_ruangan_foreign` FOREIGN KEY (`id_ruangan`) REFERENCES `ruangan` (`id`) ON DELETE CASCADE,
  ADD CONSTRAINT `laporan_id_unit_foreign` FOREIGN KEY (`id_unit`) REFERENCES `unit` (`id`) ON DELETE CASCADE,
  ADD CONSTRAINT `laporan_id_user_foreign` FOREIGN KEY (`id_user`) REFERENCES `users` (`id`) ON DELETE CASCADE;

--
-- Ketidakleluasaan untuk tabel `ruangan`
--
ALTER TABLE `ruangan`
  ADD CONSTRAINT `ruangan_id_unit_foreign` FOREIGN KEY (`id_unit`) REFERENCES `unit` (`id`) ON DELETE CASCADE;
COMMIT;

/*!40101 SET CHARACTER_SET_CLIENT=@OLD_CHARACTER_SET_CLIENT */;
/*!40101 SET CHARACTER_SET_RESULTS=@OLD_CHARACTER_SET_RESULTS */;
/*!40101 SET COLLATION_CONNECTION=@OLD_COLLATION_CONNECTION */;
